Handle,Title,Body (HTML),Vendor,Tags,Published,Option1 Name,Option1 Value,Option2 Name,Option2 Value,Option3 Name,Option3 Value,Variant SKU,Variant Price,Variant Compare At Price,Variant Inventory Qty,Variant Weight,Variant Weight Unit,Variant Requires Shipping,Image Src,Variant Barcode,Variant Grams,Variant Inventory Tracker,Variant Inventory Policy,Variant Fulfillment Service,product.metafields.custom.unidade,product.metafields.custom.catalogo,product.metafields.custom.dimensoes_do_produto,product.metafields.custom.composicao,product.metafields.custom.capacidade,product.metafields.custom.modo_de_uso,product.metafields.custom.icms,product.metafields.custom.ncm,product.metafields.custom.pis,product.metafields.custom.ipi,product.metafields.custom.cofins,product.metafields.custom.componente_de_kit,product.metafields.custom.resistencia_a_agua,Variant Taxable,Cost per item,Image Position,Variant Image,Product Category,Type,Collection,Status
aparadores-livros-polirresina,Aparadores de livros em polirresina,"A polirresina é um material sintético composto por resinas e polímeros reforçados com fibra de vidro. É altamente durável, resistente ao desgaste do tempo e às intempéries, além de ser versátil e permitir moldagens precisas.
O processo de produção envolve o derramamento da polirresina líquida em moldes que são rotacionados para garantir uma distribuição uniforme enquanto endurece no formato desejado. Para a limpeza de superfícies lisas, use um pano levemente umedecido com água e sabão neutro, seguido de um pano seco. Para limpeza de superfícies porosas, utilize um espanador ou uma escova de cerdas macias. Não é recomendado o uso de produtos químicos ou abrasivos.

100% POLIRRESINA_x000D_",MART,ADORNOS,TRUE,Title,Default Title,,,,,19487,165.55,,2,1.02,kg,TRUE,,7908103794877,,shopify,deny,manual,PC,,,100% POLIRRESINA_x000D_,,,,39264000,,,,,,TRUE,75.25,,,,,,active
bandeja-mdf-rattan,Bandeja em mdf e rattan,"Para limpeza é recomendado o uso de pano umedecido com água e sabão neutro, seguido de um pano seco. Evitar o excesso de peso sobre o vidro.

50% MDF + 25% VIDRO + 25% PVC",MART,BANDEJAS,TRUE,Title,Default Title,,,,,16752,114.42,,2,0.84,kg,TRUE,,7908103767529,,shopify,deny,manual,PC,,,50% MDF + 25% VIDRO + 25% PVC,,,,44209000,,,,,,TRUE,52.01,,,,,,active
bandeja-metal-espelho,Bandeja em metal com espelho,"Devem ficar em áreas cobertas, longe do sol, chuva ou umidade. Não utilizar produtos químicos ou abrasivos. Para limpeza é recomendado o uso de pano seco ou espanador. Evitar o excesso de peso sobre o produto_x000D_

70% METAL (FERRO) + 30% ESPELHO",MART,BANDEJAS,TRUE,Title,Default Title,,,,,09616,51.04,,6,0.41,kg,TRUE,,7899525696163,,shopify,deny,manual,PC,,,70% METAL (FERRO) + 30% ESPELHO,,,,73239900,,,,,,TRUE,23.2,,,,,,active
bandeja-metal-espelho,Bandeja em metal com espelho,"Bandeja retangular em chapa de aço com detalhes recordado a laser nas laterais, e acabamento em pintura metalizada na cor cobre. Possui fundo em espelho, e pés metálicos.    RECOMENDAÇÕES   Evitar batidas;  Para limpeza usar um pano levemente umedecido com água, seguido de pano seco;  Não utilizar produtos químicos ou abrasivos.

70% METAL (FERRO) + 30% ESPELHO",MART,BANDEJAS,TRUE,Title,Default Title,,,,,20732,91.89,,3,0.48,kg,TRUE,,7908103807324,,shopify,deny,manual,PC,,,70% METAL (FERRO) + 30% ESPELHO,,,,73239900,,,,,,TRUE,41.77,,,,,,active
bandeja-metal-espelho,Bandeja em metal com espelho,"Bandeja retangular em chapa de aço com detalhes recordado a laser nas laterais, e acabamento em pintura metalizada na cor cobre. Possui fundo em espelho, e pés metálicos.    RECOMENDAÇÕES   Evitar batidas;  Para limpeza usar um pano levemente umedecido com água, seguido de pano seco;  Não utilizar produtos químicos ou abrasivos.

70% METAL (FERRO) + 30% ESPELHO",MART,BANDEJAS,TRUE,Title,Default Title,,,,,20733,110.31,,3,0.66,kg,TRUE,,7908103807331,,shopify,deny,manual,PC,,,70% METAL (FERRO) + 30% ESPELHO,,,,73239900,,,,,,TRUE,50.14,,,,,,active
bandeja-metal-espelho,Bandeja em metal com espelho,"Devem ficar em áreas cobertas, longe do sol, chuva ou umidade. Não utilizar produtos químicos ou abrasivos. Para limpeza é recomendado o uso de pano seco ou espanador. Evitar o excesso de peso sobre o produto_x000D_

70% METAL (FERRO) + 30% ESPELHO",MART,BANDEJAS,TRUE,Title,Default Title,,,,,09617,71.5,,6,0.545,kg,TRUE,,7899525696170,,shopify,deny,manual,PC,,,70% METAL (FERRO) + 30% ESPELHO,,,,73239900,,,,,,TRUE,32.5,,,,,,active
bandeja-metal-vidro,Bandeja em metal com vidro,"Devem ficar em áreas cobertas, longe do sol, chuva ou umidade. Não utilizar produtos químicos ou abrasivos. Para limpeza é recomendado o uso de pano seco ou espanador. Evitar o excesso de peso sobre o produto_x000D_

70% METAL (FERRO) + 30% VIDRO",MART,BANDEJAS,TRUE,Title,Default Title,,,,,11980,45.94,,6,0.365,kg,TRUE,,7908103719801,,shopify,deny,manual,PC,,,70% METAL (FERRO) + 30% VIDRO,,,,73239900,,,,,,TRUE,20.88,,,,,,active
bandeja-vidro-espelho,Bandeja em vidro com espelho,"O metal, embora rígido, passa por diversos processos produtivos. Sendo um material mais resistente e fácil de padronizar, é utilizado em produtos que exigem maior precisão. Esses processos produtivos são realizados manualmente por artesãos. Em geral, os produtos metálicos são mais resistentes, de fácil manutenção, versáteis em acabamento e duradouros. Para maior durabilidade, mantenha-os em áreas cobertas, longe do sol, chuva ou umidade. Para a limpeza, recomenda-se o uso de um pano seco. Evitar o excesso de peso sobre o vidro.

10% METAL + 90% VIDRO_x000D_",MART,BANDEJAS,TRUE,Title,Default Title,,,,,19587,67.39,,3,0.665,kg,TRUE,,7908103795874,,shopify,deny,manual,PC,,,10% METAL + 90% VIDRO_x000D_,,,,73239900,,,,,,TRUE,30.63,,,,,,active
bandeja-vidro-espelho,Bandeja em vidro com espelho,"O metal, embora rígido, passa por diversos processos produtivos. Sendo um material mais resistente e fácil de padronizar, é utilizado em produtos que exigem maior precisão. Esses processos produtivos são realizados manualmente por artesãos. Em geral, os produtos metálicos são mais resistentes, de fácil manutenção, versáteis em acabamento e duradouros. Para maior durabilidade, mantenha-os em áreas cobertas, longe do sol, chuva ou umidade. Para a limpeza, recomenda-se o uso de um pano seco. Evitar o excesso de peso sobre o vidro.

10% METAL + 90% VIDRO_x000D_",MART,BANDEJAS,TRUE,Title,Default Title,,,,,19588,79.66,,3,0.94,kg,TRUE,,7908103795881,,shopify,deny,manual,PC,,,10% METAL + 90% VIDRO_x000D_,,,,73239900,,,,,,TRUE,36.21,,,,,,active
bandeja-vidro-espelho,Bandeja em vidro com espelho,"O metal, embora rígido, passa por diversos processos produtivos. Sendo um material mais resistente e fácil de padronizar, é utilizado em produtos que exigem maior precisão. Esses processos produtivos são realizados manualmente por artesãos. Em geral, os produtos metálicos são mais resistentes, de fácil manutenção, versáteis em acabamento e duradouros. Para maior durabilidade, mantenha-os em áreas cobertas, longe do sol, chuva ou umidade. Para a limpeza, recomenda-se o uso de um pano seco. Evitar o excesso de peso sobre o vidro.

10% METAL + 90% VIDRO_x000D_",MART,BANDEJAS,TRUE,Title,Default Title,,,,,19586,55.11,,3,0.475,kg,TRUE,,7908103795867,,shopify,deny,manual,PC,,,10% METAL + 90% VIDRO_x000D_,,,,73239900,,,,,,TRUE,25.05,,,,,,active
caixa-mdf-revestimento-pu,Caixa em mdf com revestimento em pu,"Para limpeza é recomendado o uso de pano umedecido com água e sabão neutro, seguido de um pano seco.

55% MDF + 45% PU",MART,ORGANIZADORES,TRUE,Title,Default Title,,,,,16067,165.59,,4,0.585,kg,TRUE,,7908103760674,,shopify,deny,manual,PC,,,55% MDF + 45% PU,,,,44209000,,,,,,TRUE,75.27,,,,,,active
caixa-mdf-revestimento-pu,Caixa em mdf com revestimento em pu,"Para limpeza é recomendado o uso de pano umedecido com água e sabão neutro, seguido de um pano seco.

80% MDF + 20% PU",MART,ORGANIZADORES,TRUE,Title,Default Title,,,,,18221,91.89,,2,0.27,kg,TRUE,,7908103782218,,shopify,deny,manual,PC,,,80% MDF + 20% PU,,,,44201900,,,,,,TRUE,41.77,,,,,,active
caixa-mdf-revestimento-pu,Caixa em mdf com revestimento em pu,"Para limpeza é recomendado o uso de pano umedecido com água e sabão neutro, seguido de um pano seco.

80% MDF + 20% PU",MART,ORGANIZADORES,TRUE,Title,Default Title,,,,,18222,119.5,,2,0.395,kg,TRUE,,7908103782225,,shopify,deny,manual,PC,,,80% MDF + 20% PU,,,,44201900,,,,,,TRUE,54.32,,,,,,active
caixa-mdf-revestimento-pu,Caixa em mdf com revestimento em pu,"Para limpeza é recomendado o uso de pano umedecido com água e sabão neutro, seguido de um pano seco.

80% MDF + 20% PU",MART,ORGANIZADORES,TRUE,Title,Default Title,,,,,18215,276.03,,1,0.84,kg,TRUE,,7908103782157,,shopify,deny,manual,PC,,,80% MDF + 20% PU,,,,44201900,,,,,,TRUE,125.47,,,,,,active
caixa-mdf-revestimento-pu,Caixa em mdf com revestimento em pu,"Um material têxtil é todo material flexível composto por fibras ou filamentos entrelaçados ou trançados, podendo ser de origem natural ou sintética. Embora o PU (poliuretano) não seja propriamente um material têxtil, é amplamente utilizado para revestimentos devido à sua versatilidade e durabilidade. Feito de poliuretano, um polímero sintético, o PU oferece maior resistência ao rasgo, é impermeável e de fácil limpeza. Para higienizar o PU, recomenda-se o uso de um pano umedecido com água e sabão neutro, seguido de um pano seco.

80% MDF + 20% PU_x000D_",MART,ORGANIZADORES,TRUE,Title,Default Title,,,,,19322,178.93,,2,0.905,kg,TRUE,,7908103793221,,shopify,deny,manual,PC,,,80% MDF + 20% PU_x000D_,,,,44201900,,,,,,TRUE,81.33,,,,,,active
caixa-mdf-revestimento-pu,Caixa em mdf com revestimento em pu,"Para limpeza é recomendado o uso de pano umedecido com água e sabão neutro, seguido de um pano seco.

80% MDF + 20% PU",MART,ORGANIZADORES,TRUE,Title,Default Title,,,,,18216,239.21,,1,0.68,kg,TRUE,,7908103782164,,shopify,deny,manual,PC,,,80% MDF + 20% PU,,,,44201900,,,,,,TRUE,108.73,,,,,,active
caixa-mdf-revestimento-pu,Caixa em mdf com revestimento em pu,"Para limpeza é recomendado o uso de pano umedecido com água e sabão neutro, seguido de um pano seco.

80% MDF + 20% PU",MART,ORGANIZADORES,TRUE,Title,Default Title,,,,,18220,119.5,,2,0.405,kg,TRUE,,7908103782201,,shopify,deny,manual,PC,,,80% MDF + 20% PU,,,,44201900,,,,,,TRUE,54.32,,,,,,active
caixa-mdf-revestimento-pu,Caixa em mdf com revestimento em pu,"Para limpeza é recomendado o uso de pano umedecido com água e sabão neutro, seguido de um pano seco.

80% MDF + 20% PU",MART,ORGANIZADORES,TRUE,Title,Default Title,,,,,18219,91.89,,2,0.285,kg,TRUE,,7908103782195,,shopify,deny,manual,PC,,,80% MDF + 20% PU,,,,44201900,,,,,,TRUE,41.77,,,,,,active
centro-mesa-ceramica,Centro de mesa em ceramica,"Para limpeza é recomendado o uso de escova de cerdas macias ou espanador. Não é indicado o uso de produtos químicos ou abrasivos.

100% CERAMICA",MART,CENTROS DE MESA,TRUE,Title,Default Title,,,,,19784,143.11,,2,1.52,kg,TRUE,,7908103797847,,shopify,deny,manual,PC,,,100% CERAMICA,,,,69139000,,,,,,TRUE,65.05,,,,,,active
centro-mesa-fibra-natural,Centro de mesa em fibra natural,"Os produtos devem ser mantidos em áreas cobertas e protegidos do sol, chuva e umidade. Por serem delicados, são indicados apenas para uso interno. Para limpeza, use uma escova de cerdas macias, evitar produtos químicos ou abrasivos.

85% FIBRA NATURAL + 15% METAL_x000D_",MART,CENTROS DE MESA,TRUE,Title,Default Title,,,,,19067,153.34,,2,0.75,kg,TRUE,,7908103790671,,shopify,deny,manual,PC,,,85% FIBRA NATURAL + 15% METAL_x000D_,,,,46021900,,,,,,TRUE,69.7,,,,,,active
colar-decorativo-madeira,Colar decorativo em madeira,"Devem ficar em áreas cobertas, longe do sol, chuva ou umidade. É indicado para áreas internas. Não utilizar produtos químicos ou abrasivos. Para limpeza é recomendado o uso de pano seco.

90% MADEIRA + 10% CORDA DE JUTA",MART,ADORNOS,TRUE,Title,Default Title,,,,,15133,45.85,,3,0.125,kg,TRUE,,7908103751337,,shopify,deny,manual,PC,,,90% MADEIRA + 10% CORDA DE JUTA,,,,44201900,,,,,,TRUE,20.84,,,,,,active
colar-decorativo-madeira,Colar decorativo em madeira,"Devem ficar em áreas cobertas, longe do sol, chuva ou umidade. É indicado para áreas internas. Não utilizar produtos químicos ou abrasivos. Para limpeza é recomendado o uso de pano seco.

90% MADEIRA + 10% CORDA DE JUTA",MART,ADORNOS,TRUE,Title,Default Title,,,,,15130,55.07,,3,0.16,kg,TRUE,,7908103751306,,shopify,deny,manual,PC,,,90% MADEIRA + 10% CORDA DE JUTA,,,,44201900,,,,,,TRUE,25.03,,,,,,active
copo-ceramica,Copo em ceramica,"Manter o produto em local seco e arejado. Quedas e batidas podem causar danos irreversíveis. Não utilizar produtos químicos ou abrasivos na limpeza. Para a remoção de sujeiras recomendamos o uso de uma esponja macia umedecida com água e sabão neutro, seguida de um pano seco.

100% CERAMICA",MART,ACESSORIOS DE BANHEIRO,TRUE,Title,Default Title,,,,,20616,48.97,,3,0.28,kg,TRUE,,7908103806167,,shopify,deny,manual,PC,,,100% CERAMICA,,,,69139000,,,,,,TRUE,22.26,,,,,,active
copo-cimento,Copo em cimento,"Manter o produto em local seco e arejado. Quedas e batidas podem causar danos irreversíveis. Não utilizar produtos químicos ou abrasivos na limpeza. Para a remoção de sujeiras recomendamos o uso de uma esponja macia umedecida com água e sabão neutro, seguida de um pano seco.

100% CIMENTO",MART,ACESSORIOS DE BANHEIRO,TRUE,Title,Default Title,,,,,19172,25.48,,6,0.305,kg,TRUE,,7908103791722,,shopify,deny,manual,PC,,,100% CIMENTO,,,,68109900,,,,,,TRUE,11.58,,,,,,active
copo-cimento,Copo em cimento,"Manter o produto em local seco e arejado. Quedas e batidas podem causar danos irreversíveis. Não utilizar produtos químicos ou abrasivos na limpeza. Para a remoção de sujeiras recomendamos o uso de uma esponja macia umedecida com água e sabão neutro, seguida de um pano seco. Evite o excesso de água, pois pode causar infiltrações e vazamentos. É comum que os produtos em cimento apresentem pequenos furos, aspecto envelhecido ou um leve esbranquiçado. Se tratam de características do produto, não de uma avaria. Outra particularidade bastante comum, é uma marcação que se assemelha a uma rachadura, isso ocorre por causa da forma de fechamento do produto no momento da confecção, portanto, não é um defeito.

100% CIMENTO",MART,ACESSORIOS DE BANHEIRO,TRUE,Title,Default Title,,,,,18356,36.7,,6,0.35,kg,TRUE,,7908103783567,,shopify,deny,manual,PC,,,100% CIMENTO,,,,68109900,,,,,,TRUE,16.68,,,,,,active
escultura-mulher-polirresina,Escultura mulher em polirresina,"Para limpeza é recomendado o uso de um pano levemente umedecido com água e sabão neutro, seguido de um pano seco.Não é indicado o uso de produtos químicos ou abrasivos.

100% POLIRRESINA",MART,ESCULTURAS,TRUE,Title,Default Title,,,,,18386,73.48,,2,0.345,kg,TRUE,,7908103783864,,shopify,deny,manual,PC,,,100% POLIRRESINA,,,,39264000,,,,,,TRUE,33.4,,,,,,active
escultura-mulher-polirresina,Escultura mulher em polirresina,"Para limpeza é recomendado o uso de um pano levemente umedecido com água e sabão neutro, seguido de um pano seco.Não é indicado o uso de produtos químicos ou abrasivos.

100% POLIRRESINA",MART,ESCULTURAS,TRUE,Title,Default Title,,,,,18385,73.48,,2,0.32,kg,TRUE,,7908103783857,,shopify,deny,manual,PC,,,100% POLIRRESINA,,,,39264000,,,,,,TRUE,33.4,,,,,,active
ampulheta-vidro-1-minuto,Ampulheta em vidro 1 minuto,"Limpe o produto utilizando uma esponja macia umedecida com água e sabão neutro. Após a limpeza, enxágue bem e seque utilizando papel descartável. Evite o uso de produtos químicos ou abrasivos, pois podem manchar ou riscar o produto.

80% VIDRO + 20% AREIA DE VIDRO",MART,ADORNOS,TRUE,Title,Default Title,,,,,18739-P,21.96,,4,0.025,kg,TRUE,,7908103787404,,shopify,deny,manual,PC,,,80% VIDRO + 20% AREIA DE VIDRO,,,,70139900,,,,,,TRUE,9.98,,,,,,active
ampulheta-vidro-5-minutos,Ampulheta em vidro 5 minutos,"Limpe o produto utilizando uma esponja macia umedecida com água e sabão neutro. Após a limpeza, enxágue bem e seque utilizando papel descartável. Evite o uso de produtos químicos ou abrasivos, pois podem manchar ou riscar o produto.

80% VIDRO + 20% AREIA DE VIDRO",MART,ADORNOS,TRUE,Title,Default Title,,,,,18739-G,38.7,,4,0.065,kg,TRUE,,7908103787428,,shopify,deny,manual,PC,,,80% VIDRO + 20% AREIA DE VIDRO,,,,70139900,,,,,,TRUE,17.59,,,,,,active
ampulheta-vidro-3-minutos,Ampulheta em vidro 3 minutos,"Limpe o produto utilizando uma esponja macia umedecida com água e sabão neutro. Após a limpeza, enxágue bem e seque utilizando papel descartável. Evite o uso de produtos químicos ou abrasivos, pois podem manchar ou riscar o produto.

80% VIDRO + 20% AREIA DE VIDRO",MART,ADORNOS,TRUE,Title,Default Title,,,,,18739-M,31.24,,4,0.04,kg,TRUE,,7908103787411,,shopify,deny,manual,PC,,,80% VIDRO + 20% AREIA DE VIDRO,,,,70139900,,,,,,TRUE,14.2,,,,,,active
bandeja-madeira,Bandeja em madeira,"Devem ficar em áreas cobertas, longe do sol, chuva ou umidade. Não utilizar produtos químicos ou abrasivos. Para limpeza é recomendado o uso de pano seco ou espanador

100%  MADEIRA (PINHEIRO)_x000D_",MART,BANDEJAS,TRUE,Title,Default Title,,,,,20917-P,122.72,,3,0.475,kg,TRUE,,7908103809182,,shopify,deny,manual,PC,,,100%  MADEIRA (PINHEIRO)_x000D_,,,,44209000,,,,,,TRUE,55.78,,,,,,active
bandeja-madeira,Bandeja em madeira,"Devem ficar em áreas cobertas, longe do sol, chuva ou umidade. Não utilizar produtos químicos ou abrasivos. Para limpeza é recomendado o uso de pano seco ou espanador

100%  MADEIRA (PINHEIRO)_x000D_",MART,BANDEJAS,TRUE,Title,Default Title,,,,,20917-G,184.07,,3,0.905,kg,TRUE,,7908103809199,,shopify,deny,manual,PC,,,100%  MADEIRA (PINHEIRO)_x000D_,,,,44209000,,,,,,TRUE,83.67,,,,,,active
bandeja-metal-espelho,Bandeja em metal com espelho,"Devem ficar em áreas cobertas, longe do sol, chuva ou umidade. Não utilizar produtos químicos ou abrasivos. Para limpeza é recomendado o uso de pano seco ou espanador

70% FERRO + 30% ESPELHO_x000D_",MART,BANDEJAS,TRUE,Title,Default Title,,,,,20724-G,110.37,,2,0.75,kg,TRUE,,7908103807263,,shopify,deny,manual,PC,,,70% FERRO + 30% ESPELHO_x000D_,,,,73239900,,,,,,TRUE,50.17,,,,,,active
bandeja-metal-espelho,Bandeja em metal com espelho,"Devem ficar em áreas cobertas, longe do sol, chuva ou umidade. Não utilizar produtos químicos ou abrasivos. Para limpeza é recomendado o uso de pano seco ou espanador

70% FERRO + 30% ESPELHO_x000D_",MART,BANDEJAS,TRUE,Title,Default Title,,,,,20724-P,73.59,,2,0.53,kg,TRUE,,7908103807256,,shopify,deny,manual,PC,,,70% FERRO + 30% ESPELHO_x000D_,,,,73239900,,,,,,TRUE,33.45,,,,,,active
bau-rattan,Bau em rattan,"Devem ficar em áreas cobertas, longe do sol, chuva ou umidade. Por serem delicados é indicado para áreas internas. Não utilizar produtos químicos ou abrasivos. Para limpeza é recomendado o uso de escova de cerdas macias.

50% MADEIRA (COMPENSADO) 40% RATTAN 10% FERRO",MART,ORGANIZADORES,TRUE,Title,Default Title,,,,,19980-P,257.73,,1,0.835,kg,TRUE,,7908103799810,,shopify,deny,manual,PC,,,50% MADEIRA (COMPENSADO) 40% RATTAN 10% FERRO,,,,46021900,,,,,,TRUE,117.15,,,,,,active
bau-rattan,Bau em rattan,"Devem ficar em áreas cobertas, longe do sol, chuva ou umidade. Por serem delicados é indicado para áreas internas. Não utilizar produtos químicos ou abrasivos. Para limpeza é recomendado o uso de escova de cerdas macias.

50% MADEIRA (COMPENSADO) 40% RATTAN 10% FERRO",MART,ORGANIZADORES,TRUE,Title,Default Title,,,,,19980-G,386.58,,1,1.51,kg,TRUE,,7908103799827,,shopify,deny,manual,PC,,,50% MADEIRA (COMPENSADO) 40% RATTAN 10% FERRO,,,,46021900,,,,,,TRUE,175.72,,,,,,active
caixa-madeira,Caixa em madeira,"A madeira é um material orgânico proveniente das árvores, possui beleza natural e uma variedade de
acabamentos. Possui alta durabilidade, resistente a impactos, com o seu envelhecimento vai se tornando mais elegante. Os produtos em madeira devem ficar em áreas cobertas, longe do sol, chuva ou umidade. É indicado para áreas internas. Não utilizar produtos químicos ou abrasivos. Para limpeza é recomendado o uso de pano seco.

100% MADEIRA_x000D_",MART,ORGANIZADORES,TRUE,Title,Default Title,,,,,19297-G,202.49,,2,1.28,kg,TRUE,,7908103792989,,shopify,deny,manual,PC,,,100% MADEIRA_x000D_,,,,44209000,,,,,,TRUE,92.04,,,,,,active
caixa-madeira,Caixa em madeira,"A madeira é um material orgânico proveniente das árvores, possui beleza natural e uma variedade de
acabamentos. Possui alta durabilidade, resistente a impactos, com o seu envelhecimento vai se tornando mais elegante. Os produtos em madeira devem ficar em áreas cobertas, longe do sol, chuva ou umidade. É indicado para áreas internas. Não utilizar produtos químicos ou abrasivos. Para limpeza é recomendado o uso de pano seco.

100% MADEIRA",MART,ORGANIZADORES,TRUE,Title,Default Title,,,,,19297-P,134.99,,2,0.7,kg,TRUE,,7908103792996,,shopify,deny,manual,PC,,,100% MADEIRA,,,,44209000,,,,,,TRUE,61.36,,,,,,active
caixa-mdf,Caixa em mdf,"Para limpeza use um pano levemente umedecido com água e sabão neutro. Não é indicado o uso de produtos químicos ou abrasivos.

100% MDF",MART,ORGANIZADORES,TRUE,Title,Default Title,,,,,20911-G,198.77,,3,0.94,kg,TRUE,,7908103809137,,shopify,deny,manual,PC,,,100% MDF,,,,44201900,,,,,,TRUE,90.35,,,,,,active
caixa-mdf,Caixa em mdf,"Para limpeza use um pano levemente umedecido com água e sabão neutro. Não é indicado o uso de produtos químicos ou abrasivos.

100% MDF",MART,ORGANIZADORES,TRUE,Title,Default Title,,,,,20911-P,132.51,,3,0.615,kg,TRUE,,7908103809120,,shopify,deny,manual,PC,,,100% MDF,,,,44201900,,,,,,TRUE,60.23,,,,,,active
caixa-mdf-revestimento-pu,Caixa em mdf com revestimento em pu,"Para limpeza é recomendado o uso de pano umedecido com água e sabão neutro, seguido de um pano seco.

80% MDF + 20% PU",MART,ORGANIZADORES,TRUE,Title,Default Title,,,,,18200-P,110.42,,3,0.29,kg,TRUE,,7908103782010,,shopify,deny,manual,PC,,,80% MDF + 20% PU,,,,44201900,,,,,,TRUE,50.19,,,,,,active
caixa-mdf-revestimento-pu,Caixa em mdf com revestimento em pu,"Para limpeza é recomendado o uso de pano umedecido com água e sabão neutro, seguido de um pano seco.

80% MDF + 20% PU",MART,ORGANIZADORES,TRUE,Title,Default Title,,,,,18212-P,110.42,,2,0.285,kg,TRUE,,7908103782133,,shopify,deny,manual,PC,,,80% MDF + 20% PU,,,,44201900,,,,,,TRUE,50.19,,,,,,active
caixa-mdf-revestimento-pu,Caixa em mdf com revestimento em pu,"Para limpeza é recomendado o uso de pano umedecido com água e sabão neutro, seguido de um pano seco.

80% MDF + 20% PU",MART,ORGANIZADORES,TRUE,Title,Default Title,,,,,18200-G,165.62,,3,0.48,kg,TRUE,,7908103782027,,shopify,deny,manual,PC,,,80% MDF + 20% PU,,,,44201900,,,,,,TRUE,75.28,,,,,,active
caixa-mdf-revestimento-pu,Caixa em mdf com revestimento em pu,"Para limpeza é recomendado o uso de pano umedecido com água e sabão neutro, seguido de um pano seco.

80% MDF + 20% PU",MART,ORGANIZADORES,TRUE,Title,Default Title,,,,,18212-G,165.62,,2,0.48,kg,TRUE,,7908103782140,,shopify,deny,manual,PC,,,80% MDF + 20% PU,,,,44201900,,,,,,TRUE,75.28,,,,,,active
castical-metal,Castical em metal,"Devem ficar em áreas cobertas, longe do sol, chuva ou umidade. Não utilizar produtos químicos ou abrasivos. Para limpeza é recomendado o uso de pano seco ou espanador

99,5% FERRO + 0,5% EVA_x000D_",MART,VELAS E ACESSORIOS,TRUE,Title,Default Title,,,,,20134-P,39.23,,3,0.19,kg,TRUE,,7908103801353,,shopify,deny,manual,PC,,,"99,5% FERRO + 0,5% EVA_x000D_",,,,83062900,,,,,,TRUE,17.83,,,,,,active
castical-metal,Castical em metal,"Devem ficar em áreas cobertas, longe do sol, chuva ou umidade. Não utilizar produtos químicos ou abrasivos. Para limpeza é recomendado o uso de pano seco ou espanador

99,5% FERRO + 0,5% EVA_x000D_",MART,VELAS E ACESSORIOS,TRUE,Title,Default Title,,,,,20131-G,77.22,,3,0.2,kg,TRUE,,7908103801339,,shopify,deny,manual,PC,,,"99,5% FERRO + 0,5% EVA_x000D_",,,,83062900,,,,,,TRUE,35.1,,,,,,active
castical-metal,Castical em metal,"Devem ficar em áreas cobertas, longe do sol, chuva ou umidade. Não utilizar produtos químicos ou abrasivos. Para limpeza é recomendado o uso de pano seco ou espanador

99,5% FERRO + 0,5% EVA_x000D_",MART,VELAS E ACESSORIOS,TRUE,Title,Default Title,,,,,20131-P,51.48,,3,0.19,kg,TRUE,,7908103801322,,shopify,deny,manual,PC,,,"99,5% FERRO + 0,5% EVA_x000D_",,,,83062900,,,,,,TRUE,23.4,,,,,,active
castical-metal,Castical em metal,"Devem ficar em áreas cobertas, longe do sol, chuva ou umidade. Não utilizar produtos químicos ou abrasivos. Para limpeza é recomendado o uso de pano seco ou espanador

99,5% FERRO + 0,5% EVA_x000D_",MART,VELAS E ACESSORIOS,TRUE,Title,Default Title,,,,,20134-G,58.85,,3,0.205,kg,TRUE,,7908103801360,,shopify,deny,manual,PC,,,"99,5% FERRO + 0,5% EVA_x000D_",,,,83062900,,,,,,TRUE,26.75,,,,,,active
castical-metal,Castical em metal,"O metal, embora rígido, passa por diversos processos produtivos. Sendo um material mais resistente e fácil de padronizar, é utilizado em produtos que exigem maior precisão. Esses processos produtivos são realizados manualmente por artesãos. Em geral, os produtos metálicos são mais resistentes, de fácil manutenção, versáteis em acabamento e duradouros.Para maior durabilidade, mantenha-os em áreas cobertas, longe do sol, chuva ou umidade. Para a limpeza, recomenda-se o uso de um pano seco. Este produto não acompanha vela e comporta velas de até 2 cm de diâmetro.

100% METAL _x000D_",MART,VELAS E ACESSORIOS,TRUE,Title,Default Title,,,,,19109-G,77.44,,6,0.25,kg,TRUE,,7908103791128,,shopify,deny,manual,PC,,,100% METAL _x000D_,,,,83062900,,,,,,TRUE,35.2,,,,,,active
castical-metal,Castical em metal,"O metal, embora rígido, passa por diversos processos produtivos. Sendo um material mais resistente e fácil de padronizar, é utilizado em produtos que exigem maior precisão. Esses processos produtivos são realizados manualmente por artesãos. Em geral, os produtos metálicos são mais resistentes, de fácil manutenção, versáteis em acabamento e duradouros.Para maior durabilidade, mantenha-os em áreas cobertas, longe do sol, chuva ou umidade. Para a limpeza, recomenda-se o uso de um pano seco. Este produto não acompanha vela e comporta velas de até 2 cm de diâmetro.

100% METAL _x000D_",MART,VELAS E ACESSORIOS,TRUE,Title,Default Title,,,,,19113-M,75.06,,3,0.24,kg,TRUE,,7908103791159,,shopify,deny,manual,PC,,,100% METAL _x000D_,,,,83062900,,,,,,TRUE,34.12,,,,,,active
castical-metal,Castical em metal,"O metal, embora rígido, passa por diversos processos produtivos. Sendo um material mais resistente e fácil de padronizar, é utilizado em produtos que exigem maior precisão. Esses processos produtivos são realizados manualmente por artesãos. Em geral, os produtos metálicos são mais resistentes, de fácil manutenção, versáteis em acabamento e duradouros.Para maior durabilidade, mantenha-os em áreas cobertas, longe do sol, chuva ou umidade. Para a limpeza, recomenda-se o uso de um pano seco. Este produto não acompanha vela e comporta velas de até 2 cm de diâmetro.

100% METAL _x000D_",MART,VELAS E ACESSORIOS,TRUE,Title,Default Title,,,,,19113-P,52.76,,3,0.23,kg,TRUE,,7908103791142,,shopify,deny,manual,PC,,,100% METAL _x000D_,,,,83062900,,,,,,TRUE,23.98,,,,,,active
castical-metal,Castical em metal,"O metal, embora rígido, passa por diversos processos produtivos. Sendo um material mais resistente e fácil de padronizar, é utilizado em produtos que exigem maior precisão. Esses processos produtivos são realizados manualmente por artesãos. Em geral, os produtos metálicos são mais resistentes, de fácil manutenção, versáteis em acabamento e duradouros.Para maior durabilidade, mantenha-os em áreas cobertas, longe do sol, chuva ou umidade. Para a limpeza, recomenda-se o uso de um pano seco. Este produto não acompanha vela e comporta velas de até 2 cm de diâmetro.

100% METAL _x000D_",MART,VELAS E ACESSORIOS,TRUE,Title,Default Title,,,,,19113-G,92.95,,3,0.25,kg,TRUE,,7908103791166,,shopify,deny,manual,PC,,,100% METAL _x000D_,,,,83062900,,,,,,TRUE,42.25,,,,,,active
castical-metal,Castical em metal,"O metal, embora rígido, passa por diversos processos produtivos. Sendo um material mais resistente e fácil de padronizar, é utilizado em produtos que exigem maior precisão. Esses processos produtivos são realizados manualmente por artesãos. Em geral, os produtos metálicos são mais resistentes, de fácil manutenção, versáteis em acabamento e duradouros.Para maior durabilidade, mantenha-os em áreas cobertas, longe do sol, chuva ou umidade. Para a limpeza, recomenda-se o uso de um pano seco. Este produto não acompanha vela e comporta velas de até 2 cm de diâmetro.

100% METAL _x000D_",MART,VELAS E ACESSORIOS,TRUE,Title,Default Title,,,,,19109-M,62.55,,6,0.24,kg,TRUE,,7908103791111,,shopify,deny,manual,PC,,,100% METAL _x000D_,,,,83062900,,,,,,TRUE,28.43,,,,,,active
castical-metal,Castical em metal,"O metal, embora rígido, passa por diversos processos produtivos. Sendo um material mais resistente e fácil de padronizar, é utilizado em produtos que exigem maior precisão. Esses processos produtivos são realizados manualmente por artesãos. Em geral, os produtos metálicos são mais resistentes, de fácil manutenção, versáteis em acabamento e duradouros.Para maior durabilidade, mantenha-os em áreas cobertas, longe do sol, chuva ou umidade. Para a limpeza, recomenda-se o uso de um pano seco. Este produto não acompanha vela e comporta velas de até 2 cm de diâmetro.

100% METAL _x000D_",MART,VELAS E ACESSORIOS,TRUE,Title,Default Title,,,,,19109-P,43.96,,6,0.23,kg,TRUE,,7908103791104,,shopify,deny,manual,PC,,,100% METAL _x000D_,,,,83062900,,,,,,TRUE,19.98,,,,,,active
castical-metal,Castical em metal,"Devem ficar em áreas cobertas, longe do sol, chuva ou umidade. Não utilizar produtos químicos ou abrasivos. Para limpeza é recomendado o uso de pano seco ou espanador

99,5% FERRO + 0,5% EVA_x000D_",MART,VELAS E ACESSORIOS,TRUE,Title,Default Title,,,,,20390-M,93.85,,2,0.32,kg,TRUE,,7908103803920,,shopify,deny,manual,PC,,,"99,5% FERRO + 0,5% EVA_x000D_",,,,83062900,,,,,,TRUE,42.66,,,,,,active
castical-metal,Castical em metal,"Devem ficar em áreas cobertas, longe do sol, chuva ou umidade. Não utilizar produtos químicos ou abrasivos. Para limpeza é recomendado o uso de pano seco ou espanador

99,5% FERRO + 0,5% EVA_x000D_",MART,VELAS E ACESSORIOS,TRUE,Title,Default Title,,,,,20390-P,65.96,,2,0.29,kg,TRUE,,7908103803913,,shopify,deny,manual,PC,,,"99,5% FERRO + 0,5% EVA_x000D_",,,,83062900,,,,,,TRUE,29.98,,,,,,active
castical-metal,Castical em metal,"Devem ficar em áreas cobertas, longe do sol, chuva ou umidade. Não utilizar produtos químicos ou abrasivos. Para limpeza é recomendado o uso de pano seco ou espanador

99,5% FERRO + 0,5% EVA_x000D_",MART,VELAS E ACESSORIOS,TRUE,Title,Default Title,,,,,20390-G,116.2,,2,0.35,kg,TRUE,,7908103803937,,shopify,deny,manual,PC,,,"99,5% FERRO + 0,5% EVA_x000D_",,,,83062900,,,,,,TRUE,52.82,,,,,,active
kit-cimento-banheiro-4-pcs,Kit em cimento para banheiro - 4 Pcs,"Manter o produto em local seco e arejado. Quedas e batidas podem causar danos irreversíveis. Não utilizar produtos químicos ou abrasivos na limpeza. Para a remoção de sujeiras recomendamos o uso de uma esponja macia umedecida com água e sabão neutro, seguida de um pano seco. Evite o excesso de água, pois pode causar infiltrações e vazamentos. É comum que os produtos em cimento apresentem pequenos furos, aspecto envelhecido ou um leve esbranquiçado. Se tratam de características do produto, não de uma avaria. Outra particularidade bastante comum, é uma marcação que se assemelha a uma rachadura, isso ocorre por causa da forma de fechamento do produto no momento da confecção, portanto, não é um defeito.

100% CIMENTO",MART,ACESSORIOS DE BANHEIRO,TRUE,Title,Default Title,,,,,18357,276.03,,3,2.11,kg,TRUE,,7908103783574,,shopify,deny,manual,KT,,,100% CIMENTO,,,,68109900,,,,,,TRUE,125.47,,,,,,active
kit-cimento-banheiro-4-pcs,Kit em cimento para banheiro - 4 Pcs,"Limpe o produto utilizando uma esponja macia umedecida com água e sabão neutro. Após a limpeza, enxágue bem e seque utilizando papel descartável. Evite o uso de produtos químicos ou abrasivos, pois podem riscar o produto._x000D_

100% CIMENTO",MART,ACESSORIOS DE BANHEIRO,TRUE,Title,Default Title,,,,,15718,303.64,,3,2.42,kg,TRUE,,7908103757186,,shopify,deny,manual,KT,,,100% CIMENTO,,,,68109900,,,,,,TRUE,138.02,,,,,,active
kit-polirresina-banheiro-2-pcs,Kit em polirresina para banheiro - 2 Pcs,"Manter o produto em local seco e arejado. Quedas e batidas podem causar danos irreversíveis. Não utilizar produtos químicos ou abrasivos na limpeza. Para a remoção de sujeiras recomendamos o uso de uma esponja macia umedecida com água e sabão neutro, seguida de um pano seco.

90% POLIRRESINA + 10% PLÁSTICO",MART,ACESSORIOS DE BANHEIRO,TRUE,Title,Default Title,,,,,20612,128.72,,3,0.905,kg,TRUE,,7908103806129,,shopify,deny,manual,KT,,,90% POLIRRESINA + 10% PLÁSTICO,,,,39264000,,,,,,TRUE,58.51,,,,,,active
kit-polirresina-banheiro-3-pcs,Kit em polirresina para banheiro - 3 Pcs,"A polirresina é um material sintético composto por resinas e polímeros reforçados com fibra de vidro. É altamente durável, resistente ao desgaste do tempo e às intempéries, além de ser versátil e permitir moldagens precisas.
O processo de produção envolve o derramamento da polirresina líquida em moldes que são rotacionados para garantir uma distribuição uniforme enquanto endurece no formato desejado. Para a limpeza de superfícies lisas, use um pano levemente umedecido com água e sabão neutro, seguido de um pano seco. Para limpeza de superfícies porosas, utilize um espanador ou uma escova de cerdas macias. Não é recomendado o uso de produtos químicos ou abrasivos.

100% POLIRRESINA",MART,ACESSORIOS DE BANHEIRO,TRUE,Title,Default Title,,,,,19184,211.57,,3,1.16,kg,TRUE,,7908103791845,,shopify,deny,manual,KT,,,100% POLIRRESINA,,,,39264000,,,,,,TRUE,96.17,,,,,,active
kit-polirresina-banheiro-3-pcs,Kit em polirresina para banheiro - 3 Pcs,"Manter o produto em local seco e arejado. Quedas e batidas podem causar danos irreversíveis. Não utilizar produtos químicos ou abrasivos na limpeza. Para a remoção de sujeiras recomendamos o uso de uma esponja macia umedecida com água e sabão neutro, seguida de um pano seco.

90% POLIRRESINA + 10% PLÁSTICO",MART,ACESSORIOS DE BANHEIRO,TRUE,Title,Default Title,,,,,20604,276.03,,3,1.31,kg,TRUE,,7908103806044,,shopify,deny,manual,KT,,,90% POLIRRESINA + 10% PLÁSTICO,,,,39264000,,,,,,TRUE,125.47,,,,,,active
kit-polirresina-banheiro-3-pcs,Kit em polirresina para banheiro - 3 Pcs,"Manter o produto em local seco e arejado. Quedas e batidas podem causar danos irreversíveis. Não utilizar produtos químicos ou abrasivos na limpeza. Para a remoção de sujeiras recomendamos o uso de uma esponja macia umedecida com água e sabão neutro, seguida de um pano seco.

100% POLIRRESINA",MART,ACESSORIOS DE BANHEIRO,TRUE,Title,Default Title,,,,,20822,257.62,,2,1.13,kg,TRUE,,7908103808222,,shopify,deny,manual,KT,,,100% POLIRRESINA,,,,39264000,,,,,,TRUE,117.1,,,,,,active
escultura-ourico-cimento,Escultura ourico em cimento,"Evitar batidas. Não utilizar produtos químicos ou abrasivos na limpeza. Limpar com pano macio, levemente umedecido com água, seguido de pano seco.

100% CIMENTO",MART,ESCULTURAS,TRUE,Title,Default Title,,,,,12222-2,41.43,,3,0.76,kg,TRUE,,7908103722245,,shopify,deny,manual,PC,,,100% CIMENTO,,,,68109900,,,,,,TRUE,18.83,,,,,,active
escultura-ourico-cimento,Escultura ourico em cimento,"Evitar batidas. Não utilizar produtos químicos ou abrasivos na limpeza. Limpar com pano macio, levemente umedecido com água, seguido de pano seco.

100% CIMENTO",MART,ESCULTURAS,TRUE,Title,Default Title,,,,,12222-3,41.43,,3,0.73,kg,TRUE,,7908103722252,,shopify,deny,manual,PC,,,100% CIMENTO,,,,68109900,,,,,,TRUE,18.83,,,,,,active
escultura-ourico-cimento,Escultura ourico em cimento,"Evitar batidas. Não utilizar produtos químicos ou abrasivos na limpeza. Limpar com pano macio, levemente umedecido com água, seguido de pano seco.

100% CIMENTO",MART,ESCULTURAS,TRUE,Title,Default Title,,,,,12222-1,41.43,,3,0.705,kg,TRUE,,7908103722238,,shopify,deny,manual,PC,,,100% CIMENTO,,,,68109900,,,,,,TRUE,18.83,,,,,,active
miniampulheta-vidro-3-minutos,Miniampulheta em vidro 3 minutos,"O vidro é uma mistura de materiais orgânicos que, em alta temperatura, se transforma em uma pasta maleável. Ele pode ser moldado de duas maneiras: usando um molde de metal ou soprando através de um tubo para moldá-lo manualmente. O acabamento, como lixar, pintar ou aplicar textura, é feito manualmente após o resfriamento. Para limpar, utilize uma esponja macia umedecida com água e sabão neutro. Enxágue bem e seque com papel descartável. Evite produtos químicos ou abrasivos, pois podem manchar ou riscar o vidro.

80% VIDRO + 20% AREIA DE VIDRO_x000D_",MART,ADORNOS,TRUE,Title,Default Title,,,,,19369-P,20.5,,4,0.04,kg,TRUE,,7908103793726,,shopify,deny,manual,PC,,,80% VIDRO + 20% AREIA DE VIDRO_x000D_,,,,70139900,,,,,,TRUE,9.32,,,,,,active
miniampulheta-vidro-7-minutos,Miniampulheta em vidro 7 minutos,"O vidro é uma mistura de materiais orgânicos que, em alta temperatura, se transforma em uma pasta maleável. Ele pode ser moldado de duas maneiras: usando um molde de metal ou soprando através de um tubo para moldá-lo manualmente. O acabamento, como lixar, pintar ou aplicar textura, é feito manualmente após o resfriamento. Para limpar, utilize uma esponja macia umedecida com água e sabão neutro. Enxágue bem e seque com papel descartável. Evite produtos químicos ou abrasivos, pois podem manchar ou riscar o vidro.

80% VIDRO + 20% AREIA DE VIDRO_x000D_",MART,ADORNOS,TRUE,Title,Default Title,,,,,19373-G,36.12,,4,0.115,kg,TRUE,,7908103793740,,shopify,deny,manual,PC,,,80% VIDRO + 20% AREIA DE VIDRO_x000D_,,,,70139900,,,,,,TRUE,16.42,,,,,,active
miniiampulheta-vidro-5-minutos,Miniiampulheta em vidro 5 minutos,"O vidro é uma mistura de materiais orgânicos que, em alta temperatura, se transforma em uma pasta maleável. Ele pode ser moldado de duas maneiras: usando um molde de metal ou soprando através de um tubo para moldá-lo manualmente. O acabamento, como lixar, pintar ou aplicar textura, é feito manualmente após o resfriamento. Para limpar, utilize uma esponja macia umedecida com água e sabão neutro. Enxágue bem e seque com papel descartável. Evite produtos químicos ou abrasivos, pois podem manchar ou riscar o vidro.

80% VIDRO + 20% AREIA DE VIDRO_x000D_",MART,ADORNOS,TRUE,Title,Default Title,,,,,19373-M,29.17,,4,0.085,kg,TRUE,,7908103793757,,shopify,deny,manual,PC,,,80% VIDRO + 20% AREIA DE VIDRO_x000D_,,,,70139900,,,,,,TRUE,13.26,,,,,,active
miniampulheta-vidro-5-minutos,Miniampulheta em vidro 5 minutos,"O vidro é uma mistura de materiais orgânicos que, em alta temperatura, se transforma em uma pasta maleável. Ele pode ser moldado de duas maneiras: usando um molde de metal ou soprando através de um tubo para moldá-lo manualmente. O acabamento, como lixar, pintar ou aplicar textura, é feito manualmente após o resfriamento. Para limpar, utilize uma esponja macia umedecida com água e sabão neutro. Enxágue bem e seque com papel descartável. Evite produtos químicos ou abrasivos, pois podem manchar ou riscar o vidro.

80% VIDRO + 20% AREIA DE VIDRO_x000D_",MART,ADORNOS,TRUE,Title,Default Title,,,,,19369-M,29.17,,4,0.07,kg,TRUE,,7908103793719,,shopify,deny,manual,PC,,,80% VIDRO + 20% AREIA DE VIDRO_x000D_,,,,70139900,,,,,,TRUE,13.26,,,,,,active
miniampulheta-vidro-7-minutos,Miniampulheta em vidro 7 minutos,"O vidro é uma mistura de materiais orgânicos que, em alta temperatura, se transforma em uma pasta maleável. Ele pode ser moldado de duas maneiras: usando um molde de metal ou soprando através de um tubo para moldá-lo manualmente. O acabamento, como lixar, pintar ou aplicar textura, é feito manualmente após o resfriamento. Para limpar, utilize uma esponja macia umedecida com água e sabão neutro. Enxágue bem e seque com papel descartável. Evite produtos químicos ou abrasivos, pois podem manchar ou riscar o vidro.

80% VIDRO + 20% AREIA DE VIDRO_x000D_",MART,ADORNOS,TRUE,Title,Default Title,,,,,19369-G,36.12,,4,0.11,kg,TRUE,,7908103793702,,shopify,deny,manual,PC,,,80% VIDRO + 20% AREIA DE VIDRO_x000D_,,,,70139900,,,,,,TRUE,16.42,,,,,,active
miniampulheta-vidro-3-minutos,Miniampulheta em vidro 3 minutos,"O vidro é uma mistura de materiais orgânicos que, em alta temperatura, se transforma em uma pasta maleável. Ele pode ser moldado de duas maneiras: usando um molde de metal ou soprando através de um tubo para moldá-lo manualmente. O acabamento, como lixar, pintar ou aplicar textura, é feito manualmente após o resfriamento. Para limpar, utilize uma esponja macia umedecida com água e sabão neutro. Enxágue bem e seque com papel descartável. Evite produtos químicos ou abrasivos, pois podem manchar ou riscar o vidro.

80% VIDRO + 20% AREIA DE VIDRO_x000D_",MART,ADORNOS,TRUE,Title,Default Title,,,,,19373-P,20.5,,4,0.055,kg,TRUE,,7908103793764,,shopify,deny,manual,PC,,,80% VIDRO + 20% AREIA DE VIDRO_x000D_,,,,70139900,,,,,,TRUE,9.32,,,,,,active
minivaso-ceramica,Minivaso em ceramica,"Para limpeza use espanador ou uma escova de cerdas macias. Não é indicado o uso de produtos químicos ou abrasivos. Inclui uma camada de proteção na base, garantindo a preservação do produto e prevenindo qualquer dano aos móveis.

100% CERAMICA",MART,VASOS,TRUE,Title,Default Title,,,,,19440-C,42.9,,6,0.26,kg,TRUE,,7908103794426,,shopify,deny,manual,PC,,,100% CERAMICA,,,,69139000,,,,,,TRUE,19.5,,,,,,active
minivaso-ceramica,Minivaso em ceramica,"Para limpeza use espanador ou uma escova de cerdas macias. Não é indicado o uso de produtos químicos ou abrasivos. Inclui uma camada de proteção na base, garantindo a preservação do produto e prevenindo qualquer dano aos móveis.

100% CERAMICA",MART,VASOS,TRUE,Title,Default Title,,,,,19440-B,42.9,,6,0.255,kg,TRUE,,7908103794419,,shopify,deny,manual,PC,,,100% CERAMICA,,,,69139000,,,,,,TRUE,19.5,,,,,,active
minivaso-ceramica,Minivaso em ceramica,"Para limpeza use espanador ou uma escova de cerdas macias. Não é indicado o uso de produtos químicos ou abrasivos. Inclui uma camada de proteção na base, garantindo a preservação do produto e prevenindo qualquer dano aos móveis.

100% CERAMICA",MART,VASOS,TRUE,Title,Default Title,,,,,19440-A,42.9,,6,0.255,kg,TRUE,,7908103794433,,shopify,deny,manual,PC,,,100% CERAMICA,,,,69139000,,,,,,TRUE,19.5,,,,,,active
minivaso-ceramica,Minivaso em ceramica,"Não utilizar produtos químicos e abrasivos na limpeza. Para limpeza é recomendado o uso de espanador ou escova de cerdas macias.

100% CERAMICA",MART,VASOS,TRUE,Title,Default Title,,,,,17989 C,49.04,,3,0.175,kg,TRUE,,7908103779928,,shopify,deny,manual,PC,,,100% CERAMICA,,,,69139000,,,,,,TRUE,22.29,,,,,,active
minivaso-ceramica,Minivaso em ceramica,"Não utilizar produtos químicos e abrasivos na limpeza. Para limpeza é recomendado o uso de espanador ou escova de cerdas macias.

100% CERAMICA",MART,VASOS,TRUE,Title,Default Title,,,,,17989 B,49.04,,3,0.205,kg,TRUE,,7908103779911,,shopify,deny,manual,PC,,,100% CERAMICA,,,,69139000,,,,,,TRUE,22.29,,,,,,active
minivaso-ceramica,Minivaso em ceramica,"Não utilizar produtos químicos e abrasivos na limpeza. Para limpeza é recomendado o uso de espanador ou escova de cerdas macias.

100% CERAMICA",MART,VASOS,TRUE,Title,Default Title,,,,,17989 A,49.04,,3,0.235,kg,TRUE,,7908103779904,,shopify,deny,manual,PC,,,100% CERAMICA,,,,69139000,,,,,,TRUE,22.29,,,,,,active
minivaso-ceramica,Minivaso em ceramica,"Manter o produto em local seco e arejado;  Evitar batidas; Não utilizar produtos químicos ou abrasivos na limpeza.

100% CERAMICA",MART,VASOS,TRUE,Title,Default Title,,,,,17561 A,61.31,,3,0.215,kg,TRUE,,7908103775623,,shopify,deny,manual,PC,,,100% CERAMICA,,,,69139000,,,,,,TRUE,27.87,,,,,,active
minivaso-ceramica,Minivaso em ceramica,"Manter o produto em local seco e arejado;  Evitar batidas; Não utilizar produtos químicos ou abrasivos na limpeza.

100% CERAMICA",MART,VASOS,TRUE,Title,Default Title,,,,,17561 B,61.31,,3,0.28,kg,TRUE,,7908103775630,,shopify,deny,manual,PC,,,100% CERAMICA,,,,69139000,,,,,,TRUE,27.87,,,,,,active
minivaso-ceramica,Minivaso em ceramica,"Manter o produto em local seco e arejado;  Evitar batidas; Não utilizar produtos químicos ou abrasivos na limpeza.

100% CERAMICA",MART,VASOS,TRUE,Title,Default Title,,,,,17561 C,61.31,,3,0.195,kg,TRUE,,7908103775647,,shopify,deny,manual,PC,,,100% CERAMICA,,,,69139000,,,,,,TRUE,27.87,,,,,,active
minivaso-polirresina,Minivaso em polirresina,"Não utilizar produtos químicos e abrasivos na limpeza. Para limpeza é recomendado o uso de espanador ou escova de cerdas macias.

100% POLIRRESINA",MART,VASOS,TRUE,Title,Default Title,,,,,17827 B,49.04,,2,0.08,kg,TRUE,,7908103778297,,shopify,deny,manual,PC,,,100% POLIRRESINA,,,,39264000,,,,,,TRUE,22.29,,,,,,active
minivaso-polirresina,Minivaso em polirresina,"Não utilizar produtos químicos e abrasivos na limpeza. Para limpeza é recomendado o uso de espanador ou escova de cerdas macias.

100% POLIRRESINA",MART,VASOS,TRUE,Title,Default Title,,,,,17827 A,49.04,,2,0.22,kg,TRUE,,7908103778280,,shopify,deny,manual,PC,,,100% POLIRRESINA,,,,39264000,,,,,,TRUE,22.29,,,,,,active
minivaso-polirresina,Minivaso em polirresina,"Não utilizar produtos químicos e abrasivos na limpeza. Para limpeza é recomendado o uso de espanador ou escova de cerdas macias.

100% POLIRRESINA",MART,VASOS,TRUE,Title,Default Title,,,,,17827 C,49.04,,2,0.215,kg,TRUE,,7908103778303,,shopify,deny,manual,PC,,,100% POLIRRESINA,,,,39264000,,,,,,TRUE,22.29,,,,,,active
minivaso-vidro,Minivaso em vidro,"Limpe o produto utilizando uma esponja macia umedecida com água e sabão neutro. Após a limpeza, enxágue bem e seque utilizando papel descartável. Evite o uso de produtos químicos ou abrasivos, pois podem manchar ou riscar o produto.

100% VIDRO",MART,VASOS,TRUE,Title,Default Title,,,,,19665 - P,19.73,,6,0.2,kg,TRUE,,7908103796666,,shopify,deny,manual,PC,,,100% VIDRO,,,,70139900,,,,,,TRUE,8.97,,,,,,active
minivaso-vidro,Minivaso em vidro,"Limpe o produto utilizando uma esponja macia umedecida com água e sabão neutro. Após a limpeza, enxágue bem e seque utilizando papel descartável. Evite o uso de produtos químicos ou abrasivos, pois podem manchar ou riscar o produto.

100% VIDRO",MART,VASOS,TRUE,Title,Default Title,,,,,19665-M,28.12,,6,0.2,kg,TRUE,,7908103796673,,shopify,deny,manual,PC,,,100% VIDRO,,,,70139900,,,,,,TRUE,12.78,,,,,,active
minivaso-vidro,Minivaso em vidro,"Limpe o produto utilizando uma esponja macia umedecida com água e sabão neutro. Após a limpeza, enxágue bem e seque utilizando papel descartável. Evite o uso de produtos químicos ou abrasivos, pois podem manchar ou riscar o produto.

100% VIDRO",MART,VASOS,TRUE,Title,Default Title,,,,,19665-G,34.83,,6,0.2,kg,TRUE,,7908103796680,,shopify,deny,manual,PC,,,100% VIDRO,,,,70139900,,,,,,TRUE,15.83,,,,,,active
kit-banheiro-ceramica-3-pcs,Kit para banheiro em ceramica - 3 Pcs,"Use um pano levemente umedecido com água e sabão neutro, seguido de um pano seco.Não é indicado o uso de produtos químicos ou abrasivos.Evitar excesso de água.

100% CERAMICA",MART,ACESSORIOS DE BANHEIRO,TRUE,Title,Default Title,,,,,18403,183.96,,3,0.93,kg,TRUE,,7908103784038,,shopify,deny,manual,KT,,,100% CERAMICA,,,,69139000,,,,,,TRUE,83.62,,,,,,active
kit-banheiro-polirresina-3-pcs,Kit para banheiro em polirresina - 3 Pcs,"Para limpeza é recomendado o uso de um pano levemente umedecido com água e sabão neutro, seguido de um pano seco.Não é indicado o uso de produtos químicos ou abrasivos.

100% CERAMICA",MART,ACESSORIOS DE BANHEIRO,TRUE,Title,Default Title,,,,,18407,147.14,,3,0.82,kg,TRUE,,7908103784076,,shopify,deny,manual,KT,,,100% CERAMICA,,,,39264000,,,,,,TRUE,66.88,,,,,,active
porta-velas-ceramica,Porta-Velas em ceramica,"_x000D_
_x000D_
A cerâmica é um material composto por argilas moldadas e aquecidas, resultando nas peças que conhecemos. As peças de cerâmica não possuem boa resistência a impactos; portanto, evite batidas e exposição excessiva à luz solar. Para a limpeza de superfícies lisas, utilize um pano levemente umedecido com água e sabão neutro, seguido de um pano seco. Para superfícies porosas, use um espanador ou uma escova de cerdas macias. Não é recomendado o uso de produtos químicos ou abrasivos. Este produto não acompanha vela e comporta velas de até 2 cm de diâmetro.

100% CERAMICA_x000D_",MART,VELAS E ACESSORIOS,TRUE,Title,Default Title,,,,,19130-M,54.23,,2,0.31,kg,TRUE,,7908103791326,,shopify,deny,manual,PC,,,100% CERAMICA_x000D_,,,,69139000,,,,,,TRUE,24.65,,,,,,active
porta-velas-ceramica,Porta-Velas em ceramica,"A cerâmica é um material composto por argilas moldadas e aquecidas para se transformar nas peças que conhecemos. As peças de cerâmica não possuem boa resistência a impactos, por isso, evite batidas e exposição excessiva à luz solar. Para a limpeza de superfícies lisas, use um pano levemente umedecido com água e sabão neutro, seguido de um pano seco. Para superfícies porosas, utilize um espanador ou uma escova de cerdas macias. Não é recomendado o uso de produtos químicos ou abrasivos. Este produto não suporta água represada. Certifique-se de que a peça não está em contato com água por longos períodos para evitar danos.

100% CERAMICA_x000D_",MART,VELAS E ACESSORIOS,TRUE,Title,Default Title,,,,,19130-G,67.14,,2,0.36,kg,TRUE,,7908103791333,,shopify,deny,manual,PC,,,100% CERAMICA_x000D_,,,,69139000,,,,,,TRUE,30.52,,,,,,active
porta-velas-ceramica,Porta-Velas em ceramica,"_x000D_
_x000D_
A cerâmica é um material composto por argilas moldadas e aquecidas, resultando nas peças que conhecemos. As peças de cerâmica não possuem boa resistência a impactos; portanto, evite batidas e exposição excessiva à luz solar. Para a limpeza de superfícies lisas, utilize um pano levemente umedecido com água e sabão neutro, seguido de um pano seco. Para superfícies porosas, use um espanador ou uma escova de cerdas macias. Não é recomendado o uso de produtos químicos ou abrasivos. Este produto não acompanha vela e comporta velas de até 2 cm de diâmetro.

100% CERAMICA_x000D_",MART,VELAS E ACESSORIOS,TRUE,Title,Default Title,,,,,19130-P,38.1,,2,0.215,kg,TRUE,,7908103791319,,shopify,deny,manual,PC,,,100% CERAMICA_x000D_,,,,69139000,,,,,,TRUE,17.32,,,,,,active
vaso-ceramica,Vaso em ceramica,"Para limpeza use espanador ou uma escova de cerdas macias. Não é indicado o uso de produtos químicos ou abrasivos. Inclui uma camada de proteção na base, garantindo a preservação do produto e prevenindo qualquer dano aos móveis.

100% CERAMICA",MART,VASOS,TRUE,Title,Default Title,,,,,20740-P,87.96,,2,0.45,kg,TRUE,,7908103807416,,shopify,deny,manual,PC,,,100% CERAMICA,,,,69139000,,,,,,TRUE,39.98,,,,,,active
vaso-ceramica,Vaso em ceramica,"Para limpeza use espanador ou uma escova de cerdas macias. Não é indicado o uso de produtos químicos ou abrasivos. Inclui uma camada de proteção na base, garantindo a preservação do produto e prevenindo qualquer dano aos móveis.

100% CERAMICA",MART,VASOS,TRUE,Title,Default Title,,,,,20740-G,154.97,,2,1.2,kg,TRUE,,7908103807430,,shopify,deny,manual,PC,,,100% CERAMICA,,,,69139000,,,,,,TRUE,70.44,,,,,,active
vaso-ceramica,Vaso em ceramica,"Para limpeza use espanador ou uma escova de cerdas macias. Não é indicado o uso de produtos químicos ou abrasivos. Inclui uma camada de proteção na base, garantindo a preservação do produto e prevenindo qualquer dano aos móveis.

100% CERAMICA",MART,VASOS,TRUE,Title,Default Title,,,,,20740-M,125.16,,2,0.645,kg,TRUE,,7908103807423,,shopify,deny,manual,PC,,,100% CERAMICA,,,,69139000,,,,,,TRUE,56.89,,,,,,active
porta-retrato-10x15,Porta-Retrato - 10X15,"Para a limpeza use um pano levemente umedecido com água e sabão neutro, seguido de um pano seco ou se preferir um espanador ou uma escova de cerdas macias. Não é recomendado o uso de produtos químicos ou abrasivos.

70% POLIESTIRENO + 10% VIDRO + 20% MDF_x000D_",MART,PORTA-RETRATOS,TRUE,Title,Default Title,,,,,19257,27.43,,8,0.205,kg,TRUE,,7908103792576,,shopify,deny,manual,PC,,,70% POLIESTIRENO + 10% VIDRO + 20% MDF_x000D_,,,,39264000,,,,,,TRUE,12.47,,,,,,active
porta-retrato-15x20,Porta-Retrato - 15X20,"Para a limpeza use um pano levemente umedecido com água e sabão neutro, seguido de um pano seco ou se preferir um espanador ou uma escova de cerdas macias. Não é recomendado o uso de produtos químicos ou abrasivos.

70% POLIESTIRENO + 10% VIDRO + 20% MDF_x000D_",MART,PORTA-RETRATOS,TRUE,Title,Default Title,,,,,19258,36.65,,8,0.335,kg,TRUE,,7908103792583,,shopify,deny,manual,PC,,,70% POLIESTIRENO + 10% VIDRO + 20% MDF_x000D_,,,,39264000,,,,,,TRUE,16.66,,,,,,active
porta-retrato-mdf-linho-10x15,Porta-Retrato em mdf com linho - 10X15,"Para limpeza use um pano levemente umedecido com água e sabão neutro. Não é indicado o uso de produtos químicos ou abrasivos.

70% MDF + 20% VIDRO + 5% PAPEL + 5% LINHO",MART,PORTA-RETRATOS,TRUE,Title,Default Title,,,,,15709,45.85,,8,0.295,kg,TRUE,,7908103757094,,shopify,deny,manual,PC,,,70% MDF + 20% VIDRO + 5% PAPEL + 5% LINHO,,,,44149000,,,,,,TRUE,20.84,,,,,,active
porta-retrato-mdf-linho-15x20,Porta-Retrato em mdf com linho - 15X20,"Para limpeza use um pano levemente umedecido com água e sabão neutro. Não é indicado o uso de produtos químicos ou abrasivos.

70% MDF + 20% VIDRO + 5% PAPEL + 5% LINHO",MART,PORTA-RETRATOS,TRUE,Title,Default Title,,,,,15710,64.26,,8,0.44,kg,TRUE,,7908103757100,,shopify,deny,manual,PC,,,70% MDF + 20% VIDRO + 5% PAPEL + 5% LINHO,,,,44149000,,,,,,TRUE,29.21,,,,,,active
porta-retrato-metal-10x15,Porta-Retrato em metal - 10X15,"Para limpeza use um pano levemente umedecido com água e sabão neutro. Não é indicado o uso de produtos químicos ou abrasivos.

55% METAL (FERRO) + 35% PU + 10% VIDRO",MART,PORTA-RETRATOS,TRUE,Title,Default Title,,,,,11259,23.01,,12,0.095,kg,TRUE,,7908103712598,,shopify,deny,manual,PC,,,55% METAL (FERRO) + 35% PU + 10% VIDRO,,,,83063000,,,,,,TRUE,10.46,,,,,,active
porta-retrato-metal-vidro-15x20,Porta-Retrato em metal e vidro - 15X20,"Para limpeza use um pano levemente umedecido com água e sabão neutro. Não é indicado o uso de produtos químicos ou abrasivos.

75% METAL+10% PAPEL+10% VIDRO+5% TECIDO",MART,PORTA-RETRATOS,TRUE,Title,Default Title,,,,,11260,32.23,,12,0.21,kg,TRUE,,7908103712604,,shopify,deny,manual,PC,,,75% METAL+10% PAPEL+10% VIDRO+5% TECIDO,,,,83063000,,,,,,TRUE,14.65,,,,,,active
porta-retrato-metal-vidro-20x25,Porta-Retrato em metal e vidro - 20X25,"Para limpeza use um pano levemente umedecido com água e sabão neutro. Não é indicado o uso de produtos químicos ou abrasivos.

55% METAL (FERRO) + 35% PU + 10% VIDRO",MART,PORTA-RETRATOS,TRUE,Title,Default Title,,,,,11261,41.43,,12,0.35,kg,TRUE,,7908103712611,,shopify,deny,manual,PC,,,55% METAL (FERRO) + 35% PU + 10% VIDRO,,,,83063000,,,,,,TRUE,18.83,,,,,,active
porta-retrato-poliestireno-10x15,Porta-Retrato em poliestireno - 10X15,"Não utilizar produtos químicos e abrasivos na limpeza. Para limpeza é recomendado o uso de espanador ou escova de cerdas macias.

70% POLIESTIRENO + 15% MDF + 15%VIDRO",MART,PORTA-RETRATOS,TRUE,Title,Default Title,,,,,17326,32.23,,8,0.115,kg,TRUE,,7908103773261,,shopify,deny,manual,PC,,,70% POLIESTIRENO + 15% MDF + 15%VIDRO,,,,39264000,,,,,,TRUE,14.65,,,,,,active
porta-retrato-poliestireno-15x20,Porta-Retrato em poliestireno - 15X20,"Não utilizar produtos químicos e abrasivos na limpeza. Para limpeza é recomendado o uso de espanador ou escova de cerdas macias.

70% POLIESTIRENO + 15% MDF + 15%VIDRO",MART,PORTA-RETRATOS,TRUE,Title,Default Title,,,,,17327,41.43,,8,0.31,kg,TRUE,,7908103773278,,shopify,deny,manual,PC,,,70% POLIESTIRENO + 15% MDF + 15%VIDRO,,,,39264000,,,,,,TRUE,18.83,,,,,,active
porta-retrato-poliestireno-vidro-10x15,Porta-Retrato em poliestireno e vidro - 10X15,"Para limpeza é recomendado o uso de um pano levemente umedecido com água e sabão neutro. Não é indicado o uso de produtos químicos ou abrasivos. 
Podem ser usados na horizontal ou vertical.

80% POLIESTIRENO  10% VIDRO 10% MDF",MART,PORTA-RETRATOS,TRUE,Title,Default Title,,,,,20641,27.63,,8,0.185,kg,TRUE,,7908103806419,,shopify,deny,manual,PC,,,80% POLIESTIRENO  10% VIDRO 10% MDF,,,,39264000,,,,,,TRUE,12.56,,,,,,active
porta-retrato-poliestireno-vidro-10x15,Porta-Retrato em poliestireno e vidro - 10X15,"Para limpeza é recomendado o uso de um pano levemente umedecido com água e sabão neutro. Não é indicado o uso de produtos químicos ou abrasivos. 
Podem ser usados na horizontal ou vertical.

70% POLIESTIRENO + 10% VIDRO + 20% MDF_x000D_",MART,PORTA-RETRATOS,TRUE,Title,Default Title,,,,,20694,32.23,,8,0.185,kg,TRUE,,7908103806945,,shopify,deny,manual,PC,,,70% POLIESTIRENO + 10% VIDRO + 20% MDF_x000D_,,,,39264000,,,,,,TRUE,14.65,,,,,,active
porta-retrato-poliestireno-vidro-10x15,Porta-Retrato em poliestireno e vidro - 10X15,"Para limpeza é recomendado o uso de um pano levemente umedecido com água e sabão neutro. Não é indicado o uso de produtos químicos ou abrasivos. 
Podem ser usados na horizontal ou vertical.

80% POLIESTIRENO 10% VIDRO 10% MDF",MART,PORTA-RETRATOS,TRUE,Title,Default Title,,,,,20646,36.65,,8,0.235,kg,TRUE,,7908103806464,,shopify,deny,manual,PC,,,80% POLIESTIRENO 10% VIDRO 10% MDF,,,,39264000,,,,,,TRUE,16.66,,,,,,active
porta-retrato-poliestireno-vidro-10x15,Porta-Retrato em poliestireno e vidro - 10X15,"Para limpeza use um pano levemente umedecido com água e sabão neutro. Não é indicado o uso de produtos químicos ou abrasivos.

40% POLIESTIRENO + 35% PAPEL + 25% VIDRO",MART,PORTA-RETRATOS,TRUE,Title,Default Title,,,,,21035,36.65,,8,0.32,kg,TRUE,,7908103810355,,shopify,deny,manual,PC,,,40% POLIESTIRENO + 35% PAPEL + 25% VIDRO,,,,39264000,,,,,,TRUE,16.66,,,,,,active
porta-retrato-poliestireno-vidro-15x20,Porta-Retrato em poliestireno e vidro - 15X20,"Para limpeza use um pano levemente umedecido com água e sabão neutro. Não é indicado o uso de produtos químicos ou abrasivos.

40% POLIESTIRENO + 35% PAPEL + 25% VIDRO",MART,PORTA-RETRATOS,TRUE,Title,Default Title,,,,,21036,45.85,,8,0.46,kg,TRUE,,7908103810362,,shopify,deny,manual,PC,,,40% POLIESTIRENO + 35% PAPEL + 25% VIDRO,,,,39264000,,,,,,TRUE,20.84,,,,,,active
porta-retrato-poliestireno-vidro-15x20,Porta-Retrato em poliestireno e vidro - 15X20,"Para limpeza é recomendado o uso de um pano levemente umedecido com água e sabão neutro. Não é indicado o uso de produtos químicos ou abrasivos. 
Podem ser usados na horizontal ou vertical.

80% POLIESTIRENO 10% VIDRO 10% MDF",MART,PORTA-RETRATOS,TRUE,Title,Default Title,,,,,20647,45.85,,8,0.385,kg,TRUE,,7908103806471,,shopify,deny,manual,PC,,,80% POLIESTIRENO 10% VIDRO 10% MDF,,,,39264000,,,,,,TRUE,20.84,,,,,,active
porta-retrato-poliestireno-vidro-15x20,Porta-Retrato em poliestireno e vidro - 15X20,"Para limpeza é recomendado o uso de um pano levemente umedecido com água e sabão neutro. Não é indicado o uso de produtos químicos ou abrasivos. 
Podem ser usados na horizontal ou vertical.

70% POLIESTIRENO + 10% VIDRO + 20% MDF_x000D_",MART,PORTA-RETRATOS,TRUE,Title,Default Title,,,,,20695,41.43,,8,0.315,kg,TRUE,,7908103806952,,shopify,deny,manual,PC,,,70% POLIESTIRENO + 10% VIDRO + 20% MDF_x000D_,,,,39264000,,,,,,TRUE,18.83,,,,,,active
porta-retrato-poliestireno-vidro-15x20,Porta-Retrato em poliestireno e vidro - 15X20,"Para limpeza é recomendado o uso de um pano levemente umedecido com água e sabão neutro. Não é indicado o uso de produtos químicos ou abrasivos. 
Podem ser usados na horizontal ou vertical.

80% POLIESTIRENO  10% VIDRO 10% MDF",MART,PORTA-RETRATOS,TRUE,Title,Default Title,,,,,20642,33.77,,8,0.32,kg,TRUE,,7908103806426,,shopify,deny,manual,PC,,,80% POLIESTIRENO  10% VIDRO 10% MDF,,,,39264000,,,,,,TRUE,15.35,,,,,,active
porta-retrato-poliestireno-vidro-20x25,Porta-Retrato em poliestireno e vidro - 20X25,"Para limpeza é recomendado o uso de um pano levemente umedecido com água e sabão neutro. Não é indicado o uso de produtos químicos ou abrasivos. 
Podem ser usados na horizontal ou vertical.

80% POLIESTIRENO 10% VIDRO 10% MDF",MART,PORTA-RETRATOS,TRUE,Title,Default Title,,,,,20643,39.91,,8,0.485,kg,TRUE,,7908103806433,,shopify,deny,manual,PC,,,80% POLIESTIRENO 10% VIDRO 10% MDF,,,,39264000,,,,,,TRUE,18.14,,,,,,active
porta-sabonete-liquido-ceramica,Porta-Sabonete liquido em ceramica,"Manter o produto em local seco e arejado. Quedas e batidas podem causar danos irreversíveis. Não utilizar produtos químicos ou abrasivos na limpeza. Para a remoção de sujeiras recomendamos o uso de uma esponja macia umedecida com água e sabão neutro, seguida de um pano seco.

90% CERAMICA + 10% PLASTICO",MART,ACESSORIOS DE BANHEIRO,TRUE,Title,Default Title,,,,,20615,61.25,,3,0.485,kg,TRUE,,7908103806150,,shopify,deny,manual,PC,,,90% CERAMICA + 10% PLASTICO,,,,69139000,,,,,,TRUE,27.84,,,,,,active
porta-sabonete-liquido-cimento,Porta-Sabonete liquido em cimento,"Manter o produto em local seco e arejado. Quedas e batidas podem causar danos irreversíveis. Não utilizar produtos químicos ou abrasivos na limpeza. Para a remoção de sujeiras recomendamos o uso de uma esponja macia umedecida com água e sabão neutro, seguida de um pano seco. Evite o excesso de água, pois pode causar infiltrações e vazamentos. É comum que os produtos em cimento apresentem pequenos furos, aspecto envelhecido ou um leve esbranquiçado. Se tratam de características do produto, não de uma avaria. Outra particularidade bastante comum, é uma marcação que se assemelha a uma rachadura, isso ocorre por causa da forma de fechamento do produto no momento da confecção, portanto, não é um defeito.

100% CIMENTO",MART,ACESSORIOS DE BANHEIRO,TRUE,Title,Default Title,,,,,18355,46.05,,6,0.625,kg,TRUE,,7908103783550,,shopify,deny,manual,PC,,,100% CIMENTO,,,,68109900,,,,,,TRUE,20.93,,,,,,active
porta-sabonete-liquido-cimento,Porta-Sabonete liquido em cimento,"Manter o produto em local seco e arejado. Quedas e batidas podem causar danos irreversíveis. Não utilizar produtos químicos ou abrasivos na limpeza. Para a remoção de sujeiras recomendamos o uso de uma esponja macia umedecida com água e sabão neutro, seguida de um pano seco.

100% CIMENTO",MART,ACESSORIOS DE BANHEIRO,TRUE,Title,Default Title,,,,,19171,55.11,,6,0.63,kg,TRUE,,7908103791715,,shopify,deny,manual,PC,,,100% CIMENTO,,,,68109900,,,,,,TRUE,25.05,,,,,,active
vaso-ceramica,Vaso em ceramica,"Para limpeza use espanador ou uma escova de cerdas macias. Não é indicado o uso de produtos químicos ou abrasivos. Inclui uma camada de proteção na base, garantindo a preservação do produto e prevenindo qualquer dano aos móveis.

100% CERAMICA",MART,VASOS,TRUE,Title,Default Title,,,,,19955,282.22,,2,2.455,kg,TRUE,,7908103799551,,shopify,deny,manual,PC,,,100% CERAMICA,,,,69139000,,,,,,TRUE,128.28,,,,,,active
vaso-ceramica,Vaso em ceramica,"Para limpeza use espanador ou uma escova de cerdas macias. Não é indicado o uso de produtos químicos ou abrasivos. Inclui uma camada de proteção na base, garantindo a preservação do produto e prevenindo qualquer dano aos móveis.

100% CERAMICA",MART,VASOS,TRUE,Title,Default Title,,,,,19954,208.56,,2,2.015,kg,TRUE,,7908103799544,,shopify,deny,manual,PC,,,100% CERAMICA,,,,69139000,,,,,,TRUE,94.8,,,,,,active
vaso-ceramica,Vaso em ceramica,"Use um pano levemente umedecido com água e sabão neutro, seguido de um pano seco. _x000D_
Não é indicado o uso de produtos químicos ou abrasivos. _x000D_
_x000D_
Evitar excesso de água._x000D_

100% CERÂMICA",MART,VASOS,TRUE,Title,Default Title,,,,,15794,110.31,,2,0.865,kg,TRUE,,7908103757940,,shopify,deny,manual,PC,,,100% CERÂMICA,,,,69139000,,,,,,TRUE,50.14,,,,,,active
vaso-ceramica,Vaso em ceramica,"Para limpeza use um pano levemente umedecido com água e sabão neutro. Não é indicado o uso de produtos químicos ou abrasivos. Evitar excesso de água._x000D_
_x000D_

100% CERAMICA",MART,VASOS,TRUE,Title,Default Title,,,,,13984,102.19,,6,1.855,kg,TRUE,,7908103739847,,shopify,deny,manual,PC,,,100% CERAMICA,,,,69139000,,,,,,TRUE,46.45,,,,,,active
vaso-ceramica,Vaso em ceramica,"Use um pano levemente umedecido com água e sabão neutro, seguido de um pano seco.Não é indicado o uso de produtos químicos ou abrasivos.Evitar excesso de água.

100% CERAMICA",MART,VASOS,TRUE,Title,Default Title,,,,,18277,122.63,,2,1.805,kg,TRUE,,7908103782775,,shopify,deny,manual,PC,,,100% CERAMICA,,,,69131000,,,,,,TRUE,55.74,,,,,,active
vaso-ceramica,Vaso em ceramica,"Use um pano levemente umedecido com água e sabão neutro, seguido de um pano seco. _x000D_
Não é indicado o uso de produtos químicos ou abrasivos. _x000D_
_x000D_
Evitar excesso de água._x000D_

100% CERÂMICA",MART,VASOS,TRUE,Title,Default Title,,,,,15791,78.25,,2,0.695,kg,TRUE,,7908103757919,,shopify,deny,manual,PC,,,100% CERÂMICA,,,,69139000,,,,,,TRUE,35.57,,,,,,active
vaso-ceramica,Vaso em ceramica,"Use um pano levemente umedecido com água e sabão neutro, seguido de um pano seco. _x000D_
Não é indicado o uso de produtos químicos ou abrasivos. _x000D_
_x000D_
Evitar excesso de água.

100% CERÂMICA",MART,VASOS,TRUE,Title,Default Title,,,,,15793,69.06,,2,0.56,kg,TRUE,,7908103757933,,shopify,deny,manual,PC,,,100% CERÂMICA,,,,69139000,,,,,,TRUE,31.39,,,,,,active
vaso-ceramica,Vaso em ceramica,"Use um pano levemente umedecido com água e sabão neutro, seguido de um pano seco.Não é indicado o uso de produtos químicos ou abrasivos.Evitar excesso de água.

100% CERAMICA",MART,VASOS,TRUE,Title,Default Title,,,,,18278,159.46,,2,2.47,kg,TRUE,,7908103782782,,shopify,deny,manual,PC,,,100% CERAMICA,,,,69131000,,,,,,TRUE,72.48,,,,,,active
vaso-metal,Vaso em metal,"O metal, embora rígido, passa por diversos processos produtivos. Sendo um material mais resistente e fácil de padronizar, é utilizado em produtos que exigem maior precisão. Esses processos produtivos são realizados manualmente por artesãos. Em geral, os produtos metálicos são mais resistentes, de fácil manutenção, versáteis em acabamento e duradouros.Para maior durabilidade, mantenha-os em áreas cobertas, longe do sol, chuva ou umidade. Para a limpeza, recomenda-se o uso de um pano seco. Este produto não pode entrar em contato com água. Sugerimos o uso de plantas secas.

100% METAL_x000D_",MART,VASOS,TRUE,Title,Default Title,,,,,19942,137.08,,3,1.87,kg,TRUE,,7908103799421,,shopify,deny,manual,PC,,,100% METAL_x000D_,,,,83062900,,,,,,TRUE,62.31,,,,,,active
vaso-metal,Vaso em metal,"O metal, embora rígido, passa por diversos processos produtivos. Sendo um material mais resistente e fácil de padronizar, é utilizado em produtos que exigem maior precisão. Esses processos produtivos são realizados manualmente por artesãos. Em geral, os produtos metálicos são mais resistentes, de fácil manutenção, versáteis em acabamento e duradouros.Para maior durabilidade, mantenha-os em áreas cobertas, longe do sol, chuva ou umidade. Para a limpeza, recomenda-se o uso de um pano seco. Este produto não pode entrar em contato com água. Sugerimos o uso de plantas secas.

100% METAL_x000D_",MART,VASOS,TRUE,Title,Default Title,,,,,19943,152.13,,3,2.395,kg,TRUE,,7908103799438,,shopify,deny,manual,PC,,,100% METAL_x000D_,,,,83062900,,,,,,TRUE,69.15,,,,,,active
vaso-vidro,Vaso em vidro,"Limpe o produto utilizando uma esponja macia umedecida com água e sabão neutro. Após a limpeza, enxágue bem e seque utilizando papel descartável. Evite o uso de produtos químicos ou abrasivos, pois podem manchar ou riscar o produto.

100% VIDRO",MART,VASOS,TRUE,Title,Default Title,,,,,18691,102.19,,4,1.485,kg,TRUE,,7908103786919,,shopify,deny,manual,PC,,,100% VIDRO,,,,70139900,,,,,,TRUE,46.45,,,,,,active
vaso-vidro,Vaso em vidro,"Limpe o produto utilizando uma esponja macia umedecida com água e sabão neutro. Após a limpeza, enxágue bem e seque utilizando papel descartável. Evite o uso de produtos químicos ou abrasivos, pois podem manchar ou riscar o produto.

100% VIDRO",MART,VASOS,TRUE,Title,Default Title,,,,,18692,122.65,,4,1.81,kg,TRUE,,7908103786926,,shopify,deny,manual,PC,,,100% VIDRO,,,,70139900,,,,,,TRUE,55.75,,,,,,active
